Cust_id,Cust_name,Cust_contact
1001,Alice Johnson,9876543210
1002,Bob Smith,9123456780
1003,Charlie Brown,9988776655
1004,Diana Prince,9871234567
1005,Ethan Hunt,9122334455
1006,Fiona Gallagher,9874455667
1007,George Martin,9125566778
1008,Hannah Baker,9981122334
1009,Ian Somerhalder,9876677889
1010,Julia Roberts,9127788990
1011,Kevin Hart,9878899001
1012,Laura Palmer,9129900112
1013,Michael Scott,9871002345
1014,Nancy Drew,9122103456
1015,Oscar Wilde,9873204567
1016,Pam Beesly,9124305678
1017,Quentin Tarantino,9875406789
1018,Rachel Green,9126507890
1019,Steve Rogers,9877608901
1020,Tina Fey,9128709012
1021,Uma Thurman,9879801234
1022,Victor Hugo,9120902345
1023,Wanda Maximoff,9871239876
1024,Xander Cage,9122340987
1025,Yara Shahidi,9873451098
1026,Zoe Saldana,9124562109
1027,Aaron Paul,9875673210
1028,Bella Swan,9126784321
1029,Caleb Rivers,9877895432
1030,Derek Hale,9128906543
1031,Elena Gilbert,9879017654
1032,Felix Kjellberg,9120128765
1033,Gabriella Montez,9871239875
1034,Harvey Specter,9122340986
1035,Isabella Swan,9873451097
1036,Jack Sparrow,9124562108
1037,Katniss Everdeen,9875673209
1038,Liam Neeson,9126784320
1039,Monica Geller,9877895431
1040,Nick Fury,9128906542
1041,Olivia Benson,9879017653
1042,Peter Parker,9120128764
1043,Quinn Fabray,9871239873
1044,Ross Geller,9122340985
1045,Samantha Carter,9873451096
1046,Tony Stark,9124562107
1047,Ulysses Grant,9875673208
1048,Violet Baudelaire,9126784319
1049,Walter White,9877895430
1050,Xena Warrior,9128906541
1051,Yvonne Strahovski,9879017652
1052,Zachary Levi,9120128763
1053,Ariana Grande,9871239872
1054,Bruno Mars,9122340984
1055,Chris Evans,9873451095
1056,Demi Lovato,9124562106
1057,Eminem,9875673207
1058,Felicity Jones,9126784318
1059,Gigi Hadid,9877895429
1060,Hugh Jackman,9128906539
1061,Isla Fisher,9879017648
1062,Jack Black,9120128762
1063,Karen Gillan,9871239871
1064,Luke Evans,9122340983
1065,Margot Robbie,9873451094
1066,Nicholas Hoult,9124562105
1067,Olivia Wilde,9875673206
1068,Paul Rudd,9126784317
1069,Quincy Jones,9877895428
1070,Ryan Reynolds,9128906538
1071,Scarlett Johansson,9879017647
1072,Tom Holland,9120128761
1073,Ursula Andress,9871239870
1074,Vanessa Hudgens,9122340982
1075,Will Smith,9873451093
1076,Xiomara Reyes,9124562104
1077,Yannick Bisson,9875673205
1078,Zoe Kravitz,9126784316
1079,Amy Adams,9877895427
1080,Brad Pitt,9128906537
1081,Clint Eastwood,9879017646
1082,Daniel Craig,9120128760
1083,Emma Watson,9871239869
1084,Freddie Mercury,9122340981
1085,Gal Gadot,9873451092
1086,Harrison Ford,9124562103
1087,Idris Elba,9875673204
1088,Jennifer Lawrence,9126784315
1089,Keanu Reeves,9877895426
1090,Lady Gaga,9128906536
1091,Matthew McConaughey,9879017645
1092,Natalie Portman,9120128759
1093,Orlando Bloom,9871239868
1094,Penelope Cruz,9122340980
1095,Quentin Blake,9873451091
1096,Rachel McAdams,9124562102
1097,Samuel L. Jackson,9875673203
1098,Taylor Swift,9126784314
1099,Uma Thurman,9877895425
1100,Vin Diesel,9128906535
1101,Will Ferrell,9879017644
1102,Xander Berkeley,9120128758
1103,Yasmine Bleeth,9871239867
1104,Zach Braff,9122340979
1105,Adele Laurie,9873451090
1106,Brie Larson,9124562101
1107,Chris Pratt,9875673202
1108,Diane Kruger,9126784313
1109,Eddie Redmayne,9877895424
1110,Florence Pugh,9128906534
1111,Gabriel Macht,9879017643
1112,Helen Mirren,9120128757
1113,Idina Menzel,9871239866
1114,Jason Momoa,9122340978
1115,Kylie Jenner,9873451089
1116,Liam Hemsworth,9124562100
1117,Marion Cotillard,9875673201
1118,Nina Dobrev,9126784312
1119,Oprah Winfrey,9877895423
1120,Patrick Dempsey,9128906533
1121,Quinn Shephard,9879017642
1122,Rami Malek,9120128756
1123,Sophie Turner,9871239865
1124,Tyrese Gibson,9122340977
1125,Uzo Aduba,9873451088
1126,Viola Davis,9124562099
1127,Willow Smith,9875673200
1128,Ximena Sariñana,9126784311
1129,Yul Vázquez,9877895422
1130,Zendaya Coleman,9128906532
1131,Amy Schumer,9879017641
1132,Benedict Cumberbatch,9120128755
1133,Chris Hemsworth,9871239864
1134,Danai Gurira,9122340976
1135,Emily Blunt,9873451087
1136,Finn Wolfhard,9124562098
1137,Gwen Stefani,9875673199
1138,Helen Hunt,9126784310
1139,Ian McKellen,9877895421
1140,Jennifer Aniston,9128906531
1141,Katie Holmes,9879017640
1142,Luke Skywalker,9120128754
1143,Mila Kunis,9871239863
1144,Natalie Dormer,9122340975
1145,Orla Brady,9873451086
1146,Paul Walker,9124562097
1147,Queen Latifah,9875673198
1148,Ryan Gosling,9126784309
1149,Sandra Bullock,9877895420
1150,Tom Hanks,9128906530
